site,borough,crashes,observed_rate,excess,segment_id,metres,counters_in_range,names_both_streets,directions_counted,counted_year,confidence,vehicles_per_day,million_vehicles,crashes_per_million,harmful_per_million
BRUCKNER BOULEVARD @ LONGWOOD AVENUE,BRONX,142,0.528,0.066,77482,39.9,2,True,2,2016,high,11916,19.328,7.347,3.881
EASTERN PARKWAY @ KINGSTON AVENUE,BROOKLYN,39,0.385,-0.143,150051,133.6,1,True,2,2023,high,3694,5.991,6.509,2.504
108 STREET @ NORTHERN BOULEVARD,QUEENS,43,0.674,0.152,83469,128.1,1,True,2,2024,high,7542,12.233,3.515,2.371
1 AVENUE @ EAST 125 STREET,MANHATTAN,60,0.5,0.056,119730,110.1,3,True,2,2014,high,9592,15.558,3.856,1.928
1 AVENUE @ EAST 116 STREET,MANHATTAN,46,0.587,0.051,68530,108.2,1,True,2,2023,high,8936,14.495,3.174,1.863
FULTON STREET @ WASHINGTON AVENUE,BROOKLYN,31,0.516,-0.061,29256,86.9,1,True,2,2016,high,7823,12.689,2.443,1.261
JOHNSON AVENUE @ STEWART AVENUE,BROOKLYN,25,0.6,0.118,44785,68.5,1,True,2,2017,high,8465,13.731,1.821,1.092
34 AVENUE @ JUNCTION BOULEVARD,QUEENS,26,0.615,0.021,175499,68.1,1,True,2,2021,high,9427,15.291,1.7,1.046
KINGS HIGHWAY @ LINDEN BOULEVARD,BROOKLYN,50,0.48,0.025,167253,37.2,2,True,2,2024,high,14370,23.307,2.145,1.03
BROADWAY @ WEST 230 STREET,BRONX,72,0.444,0.051,79678,64.7,4,True,2,2012,high,20224,32.804,2.195,0.975
EASTERN PARKWAY @ WASHINGTON AVENUE,BROOKLYN,40,0.55,0.026,163727,67.8,2,True,2,2010,high,14046,22.783,1.756,0.966
4 AVENUE @ 9 STREET,BROOKLYN,35,0.486,-0.025,162207,134.8,1,True,2,2017,high,11305,18.336,1.909,0.927
EAST 168 STREET @ WEBSTER AVENUE,BRONX,31,0.613,0.066,72263,25.8,2,True,2,2015,high,12768,20.71,1.497,0.917
ADAMS STREET @ TILLARY STREET,BROOKLYN,116,0.44,-0.048,148076,71.0,5,True,3,2025,high,39616,64.257,1.805,0.794
ATLANTIC AVENUE @ FLATBUSH AVENUE,BROOKLYN,107,0.43,-0.044,28962,55.4,1,True,2,2024,high,36085,58.53,1.828,0.786
BROADWAY @ WEST 96 STREET,MANHATTAN,35,0.571,-0.004,165958,86.4,2,True,2,2025,high,16238,26.338,1.329,0.759
8 AVENUE @ UNION STREET,BROOKLYN,40,0.35,-0.084,29025,119.3,1,True,2,2014,high,11890,19.286,2.074,0.726
PELHAM PARKWAY @ WHITE PLAINS ROAD,BRONX,63,0.682,0.114,9008825,105.3,2,True,2,2025,high,36754,59.615,1.057,0.721
LINDEN BOULEVARD @ UTICA AVENUE,BROOKLYN,36,0.444,-0.003,42089,30.9,2,True,2,2024,high,13684,22.195,1.622,0.721
EAST 170 STREET @ MORRIS AVENUE,BRONX,30,0.533,0.005,72152,14.6,2,True,2,2016,high,14085,22.847,1.313,0.7
LINDEN BOULEVARD @ NOSTRAND AVENUE,BROOKLYN,33,0.667,0.115,28605,121.8,2,True,2,2011,high,19902,32.28,1.022,0.682
CLARENDON ROAD @ RALPH AVENUE,BROOKLYN,41,0.658,0.15,42445,18.0,2,True,2,2011,high,25408,41.212,0.995,0.655
BOWERY @ CANAL STREET,MANHATTAN,74,0.392,-0.074,32478,65.7,1,True,2,2016,high,27798,45.088,1.641,0.643
BROADWAY @ QUEENS BOULEVARD,QUEENS,25,0.44,-0.139,253492,22.2,2,True,2,2024,high,11210,18.183,1.375,0.605
3 AVENUE @ 65 STREET,BROOKLYN,31,0.323,-0.072,161216,14.2,3,True,2,2022,high,10287,16.685,1.858,0.599
BRONX RIVER AVENUE @ WESTCHESTER AVENUE,BRONX,35,0.6,0.139,79057,126.1,3,True,2,2014,high,23783,38.576,0.907,0.544
FLUSHING AVENUE @ HUMBOLDT STREET,BROOKLYN,32,0.438,-0.047,44148,41.2,1,True,2,2014,high,16334,26.493,1.208,0.528
RIVERSIDE DRIVE @ WEST 165 STREET,MANHATTAN,41,0.488,0.125,70704,80.5,2,True,2,2019,high,23844,38.675,1.06,0.517
FLATLANDS AVENUE @ LOUISIANA AVENUE,BROOKLYN,31,0.677,0.126,157900,21.5,1,True,2,2013,high,25233,40.928,0.757,0.513
11 AVENUE @ WEST 42 STREET,MANHATTAN,46,0.283,-0.111,164628,61.6,2,True,2,2022,high,15781,25.597,1.797,0.508
NORTHERN BOULEVARD @ UNION STREET,QUEENS,62,0.581,0.012,179249,6.9,1,True,2,2014,high,43781,71.012,0.873,0.507
LIBERTY AVENUE @ SUTPHIN BOULEVARD,QUEENS,29,0.724,0.064,57194,19.7,1,True,2,2021,high,25886,41.988,0.691,0.5
LENOX AVENUE @ WEST 116 STREET,MANHATTAN,33,0.364,-0.168,166478,130.0,1,True,2,2014,high,14954,24.255,1.361,0.495
AMSTERDAM AVENUE @ WEST 178 STREET,MANHATTAN,52,0.288,-0.054,108162,38.4,5,True,2,2021,high,19054,30.906,1.683,0.485
86 STREET @ BAY PARKWAY,BROOKLYN,31,0.645,0.068,18909,41.4,6,True,2,2017,high,25470,41.313,0.75,0.484
ATLANTIC AVENUE @ NEVINS STREET,BROOKLYN,42,0.476,0.006,22825,0.4,3,True,2,2021,high,27571,44.72,0.939,0.447
ATLANTIC AVENUE @ HICKS STREET,BROOKLYN,81,0.185,-0.104,23655,69.2,2,True,2,2011,high,20996,34.055,2.378,0.44
FLATBUSH AVENUE @ GLENWOOD ROAD,BROOKLYN,30,0.533,0.131,28637,4.6,4,True,2,2023,high,22620,36.689,0.818,0.436
3 AVENUE @ 3 STREET,BROOKLYN,25,0.44,0.001,105839,82.3,5,True,2,2024,high,18086,29.335,0.852,0.375
69 STREET @ NORTHERN BOULEVARD,QUEENS,26,0.538,0.032,75814,39.5,3,True,2,2024,high,23067,37.415,0.695,0.374
ALLEN STREET @ EAST HOUSTON STREET,MANHATTAN,31,0.419,-0.141,151599,41.2,2,True,2,2013,high,25702,41.689,0.744,0.312
HARLEM RIVER DRIVE @ WEST 155 STREET,MANHATTAN,39,0.308,-0.049,71025,32.4,2,True,2,2024,high,26448,42.899,0.909,0.28
3 AVENUE @ PROSPECT AVENUE,BROOKLYN,34,0.412,0.053,195025,58.8,4,True,2,2025,high,31258,50.7,0.671,0.276
JUNCTION BOULEVARD @ NORTHERN BOULEVARD,QUEENS,25,0.52,-0.102,76771,14.8,4,True,2,2022,high,30068,48.77,0.513,0.267
ATLANTIC AVENUE @ BOERUM PLACE,BROOKLYN,51,0.255,-0.141,132626,78.2,2,True,2,2020,high,31545,51.165,0.997,0.254
9 AVENUE @ WEST 34 STREET,MANHATTAN,25,0.44,-0.059,33662,1.8,1,True,3,2023,high,35848,58.145,0.43,0.189
DREW STREET @ LINDEN BOULEVARD,BROOKLYN,40,0.675,0.219,158079,121.7,1,False,1,2013,low,902,1.464,27.332,18.449
BRUCKNER BOULEVARD @ EAST 138 STREET,BRONX,161,0.478,0.058,70153,88.4,2,False,1,2015,low,3500,5.677,28.362,13.566
ELDERTS LANE @ LINDEN BOULEVARD,BROOKLYN,25,0.72,0.177,158079,39.4,1,False,1,2013,low,902,1.464,17.082,12.299
BOSTON ROAD @ PELHAM PARKWAY,BRONX,55,0.327,-0.141,87475,56.3,1,False,1,2016,low,1266,2.053,26.791,8.769
BRUCKNER BOULEVARD @ EAST 141 STREET,BRONX,41,0.561,0.142,70496,142.5,1,False,1,2025,low,2082,3.378,12.138,6.81
SKILLMAN AVENUE @ THOMSON AVENUE,QUEENS,38,0.605,0.11,67208,111.9,1,False,1,2015,low,2303,3.735,10.173,6.158
10 AVENUE @ WEST 207 STREET,MANHATTAN,64,0.406,-0.029,72747,38.3,1,False,1,2017,low,2690,4.363,14.668,5.958
ATLANTIC AVENUE @ WASHINGTON AVENUE,BROOKLYN,44,0.568,0.032,29338,108.0,1,False,1,2019,low,2609,4.232,10.397,5.908
UNIVERSITY AVENUE @ WEST FORDHAM ROAD,BRONX,85,0.494,-0.05,79627,97.4,1,False,1,2022,low,4584,7.436,11.431,5.648
77 AVENUE @ QUEENS BOULEVARD,QUEENS,28,0.357,-0.042,159294,63.7,2,False,1,2017,low,1124,1.823,15.358,5.484
AMSTERDAM AVENUE @ WEST 155 STREET,MANHATTAN,26,0.462,0.018,9008155,104.9,1,False,1,2018,low,1415,2.295,11.331,5.229
GLENWOOD ROAD @ UTICA AVENUE,BROOKLYN,40,0.55,0.041,149010,64.8,2,False,1,2018,low,2842,4.609,8.678,4.773
CANAL STREET @ HUDSON STREET,MANHATTAN,47,0.234,-0.151,31827,80.2,1,False,1,2015,low,1545,2.506,18.755,4.389
4 AVENUE @ SHORE ROAD,BROOKLYN,27,0.482,-0.074,160985,85.1,1,False,1,2016,low,2183,3.541,7.625,3.671
EASTERN PARKWAY @ ROCHESTER AVENUE,BROOKLYN,49,0.571,-0.008,43361,142.4,1,False,1,2021,low,4758,7.718,6.349,3.628
CROSS ISLAND PARKWAY @ NORTHERN BOULEVARD,QUEENS,74,0.378,-0.13,233467,97.9,1,False,1,2016,low,4797,7.781,9.51,3.599
GRAND CENTRAL PARKWAY @ JEWEL AVENUE,QUEENS,108,0.5,0.045,82888,79.4,1,False,1,2010,low,9712,15.754,6.856,3.428
4 AVENUE @ SHORE ROAD DRIVE,BROOKLYN,27,0.63,0.134,17724,81.6,1,False,1,2013,low,3103,5.033,5.365,3.378
BEACH CHANNEL DRIVE @ MOTT AVENUE,QUEENS,29,0.414,-0.104,119161,126.3,3,False,1,2016,low,2200,3.568,8.129,3.364
RUTLAND ROAD @ UTICA AVENUE,BROOKLYN,31,0.516,-0.035,42118,125.4,1,False,1,2011,low,2936,4.762,6.509,3.359
GRAHAM AVENUE @ GRAND STREET,BROOKLYN,33,0.727,0.061,44201,149.8,3,False,1,2013,low,4428,7.182,4.595,3.342
33 STREET @ NORTHERN BOULEVARD,QUEENS,32,0.875,0.051,67511,61.2,1,False,1,2010,low,5558,9.015,3.55,3.106
FLUSHING AVENUE @ FRANKLIN AVENUE,BROOKLYN,26,0.577,-0.054,30693,100.5,1,False,1,2012,low,3076,4.99,5.21,3.006
ATLANTIC AVENUE @ PENNSYLVANIA AVENUE,BROOKLYN,178,0.489,0.051,8102925,61.7,1,False,1,2025,low,18109,29.372,6.06,2.962
BEVERLEY ROAD @ OCEAN PARKWAY,BROOKLYN,44,0.659,0.066,27851,36.3,3,False,1,2018,low,6165,10.0,4.4,2.9
ROCKAWAY PARKWAY @ SHORE PARKWAY,BROOKLYN,111,0.496,-0.017,142806,51.6,2,False,1,2014,low,12160,19.724,5.628,2.788
BRIGHTON BEACH AVENUE @ OCEAN PARKWAY,BROOKLYN,33,0.576,-0.008,163033,42.6,2,False,1,2022,low,4578,7.425,4.445,2.559
1 AVENUE @ EAST 49 STREET,MANHATTAN,37,0.595,0.04,146115,131.8,3,False,1,2011,low,5349,8.676,4.265,2.536
BROADWAY @ FOREST AVENUE,STATEN ISLAND,28,0.536,0.073,12676,104.9,3,False,1,2016,low,3749,6.081,4.605,2.467
BROADWAY @ GATES AVENUE,BROOKLYN,33,0.485,-0.016,44966,137.7,1,False,1,2012,low,4152,6.734,4.9,2.376
ATLANTIC AVENUE @ GRAND AVENUE,BROOKLYN,31,0.516,0.068,29347,131.5,1,False,1,2016,low,4406,7.146,4.338,2.239
FLATBUSH AVENUE @ GRAND ARMY PLAZA,BROOKLYN,150,0.407,0.021,29141,72.4,2,False,1,2025,low,16996,27.568,5.441,2.213
BUSHWICK AVENUE @ JOHNSON AVENUE,BROOKLYN,32,0.562,-0.077,44170,148.5,2,False,1,2009,low,5185,8.409,3.805,2.14
FOOD CENTER DRIVE @ HALLECK STREET,BRONX,28,0.321,-0.014,154461,21.7,2,False,1,2016,low,2599,4.216,6.641,2.134
CROSS BRONX EXPRESSWAY @ JEROME AVENUE,BRONX,104,0.481,0.05,72189,106.5,2,False,1,2015,low,15062,24.43,4.257,2.047
FLUSHING AVENUE @ WILLIAMSBURG STREET WEST,BROOKLYN,41,0.634,0.101,163946,17.7,1,False,1,2016,low,7836,12.71,3.226,2.045
CROSS BRONX EXPRESSWAY @ WHITE PLAINS ROAD,BRONX,69,0.522,0.039,177936,149.5,4,False,1,2015,low,10878,17.644,3.911,2.04
LONG ISLAND EXPRESSWAY @ SPRINGFIELD BOULEVARD,QUEENS,27,0.482,-0.07,140550,55.5,2,False,1,2010,low,3990,6.472,4.172,2.009
ALLERTON AVENUE @ WHITE PLAINS ROAD,BRONX,27,0.704,0.079,131327,129.6,1,False,1,2018,low,6150,9.975,2.707,1.905
FLATLANDS AVENUE @ RALPH AVENUE,BROOKLYN,68,0.559,0.045,41389,78.6,4,False,1,2015,low,12382,20.084,3.386,1.892
DELANCEY STREET @ LUDLOW STREET,MANHATTAN,44,0.386,-0.033,164301,134.7,2,False,1,2019,low,5604,9.09,4.841,1.87
MAIN STREET @ ROOSEVELT AVENUE,QUEENS,47,0.532,-0.062,91197,44.9,1,False,1,2019,low,8358,13.556,3.467,1.844
AVENUE R @ OCEAN PARKWAY,BROOKLYN,27,0.593,0.062,163241,130.6,2,False,1,2017,low,5414,8.781,3.075,1.822
CLASSON AVENUE @ FLUSHING AVENUE,BROOKLYN,58,0.397,-0.089,163946,63.0,1,False,1,2016,low,7836,12.71,4.563,1.81
BOERUM PLACE @ LIVINGSTON STREET,BROOKLYN,26,0.615,0.028,24185,140.5,1,False,1,2016,low,5566,9.029,2.88,1.772
EAST 163 STREET @ WESTCHESTER AVENUE,BRONX,33,0.606,0.12,77349,148.5,1,False,1,2016,low,6968,11.302,2.92,1.77
DELANCEY STREET @ ORCHARD STREET,MANHATTAN,38,0.421,-0.031,164301,86.0,2,False,1,2019,low,5604,9.09,4.181,1.76
BROADWAY @ HALSEY STREET,BROOKLYN,25,0.44,0.022,43804,86.6,1,False,1,2026,low,3996,6.482,3.857,1.697
AMSTERDAM AVENUE @ WEST 181 STREET,MANHATTAN,81,0.432,0.06,71297,100.3,2,False,1,2016,low,12805,20.769,3.9,1.685
CROTONA AVENUE @ EAST FORDHAM ROAD,BRONX,34,0.559,0.084,80396,114.2,3,False,1,2022,low,7076,11.477,2.962,1.655
HAMILTON AVENUE @ HICKS STREET,BROOKLYN,35,0.343,-0.067,142608,75.0,1,False,1,2016,low,4486,7.275,4.811,1.65
CYPRESS AVENUE @ CYPRESS HILLS STREET,QUEENS,52,0.442,-0.004,149299,25.5,2,False,1,2026,low,8668,14.059,3.699,1.636
BRUCKNER BOULEVARD @ HUNTS POINT AVENUE,BRONX,163,0.374,-0.042,184222,42.0,9,False,1,2016,low,23876,38.727,4.209,1.575
DAVIDSON AVENUE @ WEST FORDHAM ROAD,BRONX,34,0.382,-0.06,79757,119.3,1,False,1,2014,low,5231,8.485,4.007,1.532
BUSHWICK AVENUE @ GRAND STREET,BROOKLYN,46,0.522,-0.094,110454,12.3,3,False,1,2016,low,9700,15.733,2.924,1.525
69 STREET @ QUEENS BOULEVARD,QUEENS,47,0.702,0.129,145143,122.3,2,False,1,2015,low,14067,22.817,2.06,1.446
HILLSIDE AVENUE @ VANWYCK EXPRESSWAY,QUEENS,54,0.352,0.003,56511,70.3,1,False,1,2013,low,8356,13.553,3.984,1.402
3 AVENUE @ 58 STREET,BROOKLYN,31,0.452,0.063,17790,131.9,2,False,1,2015,low,6457,10.473,2.96,1.337
BROADWAY @ MARCY AVENUE,BROOKLYN,29,0.414,-0.111,164001,146.8,4,False,1,2015,low,5613,9.104,3.185,1.318
JAMAICA AVENUE @ PENNSYLVANIA AVENUE,BROOKLYN,99,0.384,-0.016,141900,112.3,3,False,1,2019,low,17918,29.063,3.406,1.307
COURTLANDT AVENUE @ EAST 149 STREET,BRONX,44,0.546,0.089,70063,144.4,1,False,1,2014,low,11378,18.456,2.384,1.301
9 AVENUE @ WEST 37 STREET,MANHATTAN,27,0.407,-0.049,164674,67.0,1,False,1,2017,low,5292,8.584,3.146,1.281
CENTRE STREET @ CHAMBERS STREET,MANHATTAN,26,0.538,0.109,23561,104.7,1,False,1,2019,low,6834,11.085,2.346,1.263
EAST NEW YORK AVENUE @ UTICA AVENUE,BROOKLYN,35,0.6,0.074,43241,107.6,1,False,1,2010,low,10421,16.903,2.071,1.242
62 DRIVE @ QUEENS BOULEVARD,QUEENS,27,0.556,-0.046,176936,61.4,2,False,1,2011,low,7508,12.179,2.217,1.232
ALLEN STREET @ DELANCEY STREET,MANHATTAN,88,0.42,-0.015,158913,127.6,3,False,1,2024,low,18859,30.589,2.877,1.21
114 STREET @ ROOSEVELT AVENUE,QUEENS,46,0.478,-0.032,177559,92.1,1,False,1,2015,low,11500,18.653,2.466,1.18
AVENUE H @ FLATBUSH AVENUE,BROOKLYN,40,0.675,0.086,110369,106.0,1,False,1,2022,low,14262,23.132,1.729,1.167
HYLAN BOULEVARD @ NARROWS ROAD NORTH,STATEN ISLAND,46,0.544,0.066,160779,115.4,1,False,1,2012,low,13781,22.352,2.058,1.118
CONCOURSE VLG EAST @ EAST 161 STREET,BRONX,32,0.5,-0.083,71744,83.3,2,False,1,2017,low,8957,14.528,2.203,1.101
EAST 161 STREET @ MORRIS AVENUE,BRONX,35,0.457,0.012,71744,83.7,2,False,1,2017,low,8957,14.528,2.409,1.101
FULTON STREET @ PENNSYLVANIA AVENUE,BROOKLYN,59,0.542,0.052,8102925,105.3,1,False,1,2025,low,18109,29.372,2.009,1.09
31 STREET @ ASTORIA BOULEVARD,QUEENS,94,0.447,0.04,111705,105.5,1,False,1,2016,low,23974,38.886,2.417,1.08
EAST 149 STREET @ EXTERIOR STREET,BRONX,38,0.658,0.199,173430,50.8,4,False,1,2016,low,14314,23.217,1.637,1.077
63 DRIVE @ QUEENS BOULEVARD,QUEENS,29,0.517,-0.055,176984,86.6,3,False,1,2011,low,8757,14.203,2.042,1.056
BELT PARKWAY @ KNAPP STREET,BROOKLYN,32,0.688,0.257,152317,89.3,1,False,1,2009,low,13071,21.201,1.509,1.038
AVENUE Z @ OCEAN PARKWAY,BROOKLYN,40,0.575,0.008,25426,122.2,1,False,1,2016,low,13960,22.643,1.767,1.016
REMSEN AVENUE @ UTICA AVENUE,BROOKLYN,26,0.654,0.175,43241,107.6,1,False,1,2010,low,10421,16.903,1.538,1.006
ALLERTON AVENUE @ BRONX PARK EAST,BRONX,46,0.413,0.024,87518,71.0,4,False,1,2009,low,11772,19.094,2.409,0.995
FARMERS BOULEVARD @ MERRICK BOULEVARD,QUEENS,58,0.414,-0.07,135240,116.3,1,False,1,2017,low,14922,24.203,2.396,0.992
GLENWOOD ROAD @ RALPH AVENUE,BROOKLYN,30,0.6,0.078,167282,132.6,1,False,1,2016,low,11249,18.246,1.644,0.987
EAST HOUSTON STREET @ ESSEX STREET,MANHATTAN,27,0.518,0.027,152192,28.8,2,False,1,2019,low,8808,14.287,1.89,0.98
BRONX RIVER AVENUE @ EAST 174 STREET,BRONX,27,0.593,0.094,9008113,106.7,7,False,1,2019,low,10188,16.525,1.634,0.968
BOSTON ROAD @ DYRE AVENUE,BRONX,25,0.64,0.037,95653,76.0,1,False,1,2021,low,10215,16.569,1.509,0.966
138 STREET @ HILLSIDE AVENUE,QUEENS,28,0.464,0.046,56511,129.6,1,False,1,2013,low,8356,13.553,2.066,0.959
BRUCKNER EXPRESSWAY @ PELHAM PARKWAY,BRONX,33,0.606,0.14,158424,27.4,2,False,1,2008,low,12859,20.857,1.582,0.959
EASTERN PARKWAY @ ROGERS AVENUE,BROOKLYN,35,0.486,0.063,29654,149.4,1,False,1,2013,low,11044,17.913,1.954,0.949
BRADHURST AVENUE @ WEST 145 STREET,MANHATTAN,25,0.68,0.126,38916,122.5,1,False,1,2019,low,11056,17.933,1.394,0.948
BUSHWICK AVENUE @ EASTERN PARKWAY,BROOKLYN,41,0.537,0.009,47355,117.7,1,False,1,2013,low,14529,23.567,1.74,0.934
BEDFORD AVENUE @ FLUSHING AVENUE,BROOKLYN,38,0.395,-0.097,30862,99.5,2,False,1,2012,low,9984,16.194,2.347,0.926
ARTHUR KILL ROAD @ DRUMGOOLE ROAD WEST,STATEN ISLAND,43,0.535,0.017,143808,103.8,1,False,1,2023,low,15396,24.972,1.722,0.921
NORTH CONDUIT AVENUE @ ROCKAWAY BOULEVARD,QUEENS,65,0.523,0.063,59285,39.4,1,False,1,2009,low,22840,37.046,1.755,0.918
LINDEN BOULEVARD @ ROCKAWAY PARKWAY,BROOKLYN,73,0.384,-0.089,135364,60.5,1,False,1,2021,low,18962,30.757,2.373,0.91
65 STREET @ BROADWAY,QUEENS,28,0.5,-0.032,75767,49.6,2,False,1,2012,low,9630,15.619,1.793,0.896
37 AVENUE @ BROADWAY,QUEENS,33,0.424,-0.031,75767,128.7,6,False,1,2012,low,9630,15.619,2.113,0.896
JAY STREET @ TILLARY STREET,BROOKLYN,75,0.373,-0.169,158075,27.5,3,False,1,2016,low,19441,31.533,2.378,0.888
LIBERTY AVENUE @ MERRICK BOULEVARD,QUEENS,30,0.567,0.112,60375,121.9,1,False,1,2015,low,12012,19.483,1.54,0.873