site,borough,crashes,observed_rate,excess,segment_id,metres,counters_in_range,names_both_streets,directions_counted,counted_year,confidence,vehicles_per_day,million_vehicles,crashes_per_million,harmful_per_million
JAY STREET @ SANDS STREET,BROOKLYN,78,0.372,-0.097,108097,142.7,2,False,1,2012,low,20740,33.639,2.319,0.862
EAST 149 STREET @ GERARD AVENUE,BRONX,32,0.625,0.101,173430,147.5,3,False,1,2016,low,14314,23.217,1.378,0.861
SAINT NICHOLAS AVENUE @ WEST 145 STREET,MANHATTAN,32,0.469,0.039,38916,54.2,1,False,1,2019,low,11056,17.933,1.784,0.837
HUMBOLDT STREET @ MEEKER AVENUE,BROOKLYN,51,0.353,-0.034,35619,56.3,3,False,1,2015,low,13454,21.822,2.337,0.825
EAST 138 STREET @ EXTERIOR STREET,BRONX,90,0.367,-0.003,138734,25.7,5,False,1,2016,low,24705,40.072,2.246,0.824
JACKSON AVENUE @ QUEENS BOULEVARD,QUEENS,72,0.431,-0.088,67234,127.5,1,False,1,2015,low,23342,37.86,1.902,0.819
METROPOLITAN AVENUE @ VANDERVORT AVENUE,BROOKLYN,35,0.4,-0.012,184272,43.9,1,False,1,2008,low,10545,17.104,2.046,0.819
BORDEN AVENUE @ GREENPOINT AVENUE,QUEENS,62,0.532,0.07,143052,140.6,1,False,1,2025,low,24924,40.428,1.534,0.816
ROCKAWAY BOULEVARD @ SOUTH CONDUIT AVENUE,QUEENS,59,0.508,0.046,59285,91.7,1,False,1,2009,low,22840,37.046,1.593,0.81
FLATBUSH AVENUE @ PLAZA STREET EAST,BROOKLYN,34,0.647,0.18,29141,24.0,1,False,1,2025,low,16996,27.568,1.233,0.798
1 AVENUE @ EAST 96 STREET,MANHATTAN,58,0.362,-0.084,132937,21.3,1,False,1,2022,low,16545,26.835,2.161,0.783
HYLAN BOULEVARD @ STEUBEN STREET,STATEN ISLAND,31,0.355,-0.071,152130,135.8,1,False,1,2009,low,8760,14.209,2.182,0.774
PENNSYLVANIA AVENUE @ STANLEY AVENUE,BROOKLYN,43,0.419,-0.103,9005794,91.9,1,False,1,2012,low,14369,23.307,1.845,0.772
BROADWAY @ WEST 181 STREET,MANHATTAN,28,0.357,-0.103,71115,86.7,2,False,1,2019,low,8008,12.989,2.156,0.77
37 AVENUE @ 69 STREET,QUEENS,28,0.429,-0.007,75767,95.1,6,False,1,2012,low,9630,15.619,1.793,0.768
17 STREET @ 4 AVENUE,BROOKLYN,34,0.471,-0.032,186614,83.3,2,False,1,2016,low,13065,21.192,1.604,0.755
EAST 163 STREET @ SIMPSON STREET,BRONX,33,0.424,0.024,77629,141.9,3,False,1,2011,low,11445,18.564,1.778,0.754
EAST 149 STREET @ WALTON AVENUE,BRONX,29,0.483,-0.111,251526,105.8,1,False,1,2016,low,12052,19.548,1.484,0.716
CONEY ISLAND AVENUE @ NEPTUNE AVENUE,BROOKLYN,25,0.44,-0.118,25708,110.6,1,False,1,2014,low,9530,15.458,1.617,0.712
EAST 174 STREET @ JEROME AVENUE,BRONX,26,0.654,0.254,72189,80.1,1,False,1,2015,low,15062,24.43,1.064,0.696
FLATBUSH AVENUE @ NOSTRAND AVENUE,BROOKLYN,28,0.571,-0.017,110369,60.8,3,False,1,2022,low,14262,23.132,1.21,0.692
3 AVENUE @ ATLANTIC AVENUE,BROOKLYN,33,0.364,-0.04,22935,114.2,1,False,1,2019,low,10733,17.409,1.896,0.689
3 AVENUE @ EAST 59 STREET,MANHATTAN,55,0.309,-0.04,36264,77.0,1,False,1,2011,low,15498,25.138,2.188,0.676
41 AVENUE @ MAIN STREET,QUEENS,26,0.346,-0.164,91197,76.2,2,False,1,2019,low,8358,13.556,1.918,0.664
EAST 163 STREET @ SOUTHERN BOULEVARD,BRONX,30,0.533,0.048,186008,100.4,5,False,1,2011,low,15232,24.706,1.214,0.648
CROSS BRONX EXPRESSWAY @ NOBLE AVENUE,BRONX,40,0.3,-0.055,177876,123.8,1,False,1,2017,low,11447,18.567,2.154,0.646
79 STREET @ LINDEN BOULEVARD,QUEENS,45,0.511,0.002,184848,51.5,11,False,1,2013,low,21994,35.674,1.261,0.645
CLOVE ROAD @ NARROWS ROAD NORTH,STATEN ISLAND,44,0.432,-0.011,13133,110.9,2,False,1,2015,low,18201,29.522,1.49,0.644
BAINBRIDGE AVENUE @ EAST GUN HILL ROAD,BRONX,42,0.238,-0.198,81347,129.0,1,False,1,2009,low,9618,15.601,2.692,0.641
3 AVENUE @ EAST 58 STREET,MANHATTAN,31,0.581,0.124,134999,125.1,4,False,1,2025,low,17820,28.904,1.073,0.623
EAST 60 STREET @ LEXINGTON AVENUE,MANHATTAN,31,0.484,-0.076,36264,110.9,1,False,1,2011,low,15498,25.138,1.233,0.597
EAST 135 STREET @ WILLIS AVENUE,BRONX,54,0.463,0.014,276694,88.9,1,False,1,2025,low,26108,42.347,1.275,0.59
AVENUE OF THE AMERICAS @ WEST 34 STREET,MANHATTAN,42,0.571,0.018,33913,59.0,1,False,1,2021,low,25114,40.735,1.031,0.589
2 AVENUE @ EAST 40 STREET,MANHATTAN,31,0.871,0.276,35942,122.6,1,False,1,2019,low,28372,46.019,0.674,0.587
EAST 125 STREET @ MADISON AVENUE,MANHATTAN,44,0.409,0.047,69073,126.5,1,False,1,2011,low,19154,31.067,1.416,0.579
BROADWAY @ CANAL STREET,MANHATTAN,43,0.349,0.006,32329,114.0,2,False,1,2013,low,16110,26.13,1.646,0.574
QUEENS BOULEVARD @ UNION TURNPIKE,QUEENS,53,0.34,-0.114,156599,57.9,2,False,1,2019,low,20395,33.08,1.602,0.544
EAST 138 STREET @ GRAND CONCOURSE,BRONX,43,0.488,0.076,173408,131.8,5,False,1,2016,low,23871,38.719,1.111,0.542
3 AVENUE @ EAST 135 STREET,BRONX,48,0.354,-0.031,9004563,122.3,1,False,1,2025,low,19432,31.519,1.523,0.539
BRUCKNER BOULEVARD @ EDGEWATER ROAD,BRONX,29,0.448,0.016,77851,38.2,3,False,1,2015,low,14998,24.328,1.192,0.534
7 AVENUE @ FLATBUSH AVENUE,BROOKLYN,33,0.515,0.058,29049,83.0,2,False,1,2013,low,19745,32.026,1.03,0.531
BROOKLYN QUEENS EXPRESSWAY @ QUEENS BOULEVARD,QUEENS,27,0.444,-0.001,145143,144.0,1,False,1,2015,low,14067,22.817,1.183,0.526
8 AVENUE @ WEST 42 STREET,MANHATTAN,56,0.482,-0.032,33955,126.0,1,False,1,2014,low,31714,51.441,1.089,0.525
CONDUIT BOULEVARD @ LIBERTY AVENUE,BROOKLYN,51,0.353,-0.134,48433,68.1,4,False,1,2013,low,21152,34.309,1.486,0.525
92 STREET @ GATLING PLACE,BROOKLYN,28,0.357,-0.109,161075,93.9,1,False,1,2017,low,11954,19.389,1.444,0.516
1 AVENUE @ EAST 62 STREET,MANHATTAN,56,0.375,-0.071,36403,108.4,3,False,1,2016,low,25119,40.743,1.374,0.515
WILLIAMSBURG STREET EAST @ WYTHE AVENUE,BROOKLYN,41,0.415,-0.038,30683,128.5,1,False,1,2023,low,20499,33.249,1.233,0.511
BEACH AVENUE @ HYLAN BOULEVARD,STATEN ISLAND,45,0.356,-0.095,155399,39.9,1,False,1,2009,low,19769,32.065,1.403,0.499
BRUCKNER BOULEVARD @ BRUSH AVENUE,BRONX,61,0.475,0.103,142841,126.0,2,False,1,2010,low,35906,58.239,1.047,0.498
CANAL STREET @ CENTRE STREET,MANHATTAN,37,0.351,-0.065,32329,109.6,1,False,1,2013,low,16110,26.13,1.416,0.498
2 AVENUE @ EAST 60 STREET,MANHATTAN,71,0.422,-0.096,188851,111.4,5,False,1,2012,low,37250,60.419,1.175,0.496
LINDEN BOULEVARD @ WILLIAMS AVENUE,BROOKLYN,39,0.436,0.029,158203,114.1,3,False,1,2018,low,21864,35.463,1.1,0.479
LONG ISLAND EXPRESSWAY @ MAURICE AVENUE,QUEENS,42,0.548,0.144,66987,62.0,2,False,1,2019,low,29818,48.366,0.868,0.476
CROSS ISLAND PARKWAY @ SOUTHERN STATE PARKWAY,QUEENS,27,0.444,-0.003,65788,63.1,1,False,1,2017,low,15559,25.237,1.07,0.475
AVENUE OF THE AMERICAS @ WEST 42 STREET,MANHATTAN,59,0.508,0.01,34052,123.1,1,False,1,2017,low,40652,65.937,0.895,0.455
BEDFORD AVENUE @ WILLIAMSBURG STREET WEST,BROOKLYN,27,0.556,0.006,30683,133.4,1,False,1,2023,low,20499,33.249,0.812,0.451
FLATBUSH AVENUE @ PROSPECT PLACE,BROOKLYN,25,0.52,-0.005,29048,111.6,1,False,1,2013,low,18169,29.47,0.848,0.441
2 AVENUE @ EAST 59 STREET,MANHATTAN,58,0.414,-0.054,36263,121.4,6,False,1,2022,low,33788,54.803,1.058,0.438
11 AVENUE @ WEST 40 STREET,MANHATTAN,60,0.15,-0.156,33609,111.1,1,False,1,2022,low,12982,21.057,2.849,0.427
EAST 96 STREET @ FDR DRIVE,MANHATTAN,27,0.407,0.055,132937,60.9,1,False,1,2022,low,16545,26.835,1.006,0.41
3 AVENUE @ EAST 60 STREET,MANHATTAN,25,0.4,-0.043,36264,110.6,1,False,1,2011,low,15498,25.138,0.994,0.398
EAST 34 STREET @ FDR DRIVE,MANHATTAN,30,0.467,0.126,35887,139.2,4,False,1,2017,low,21874,35.479,0.846,0.395
225 STREET @ HEMPSTEAD AVENUE,QUEENS,28,0.571,0.083,155613,127.1,5,False,1,2016,low,25568,41.471,0.675,0.386
CANAL STREET @ MULBERRY STREET,MANHATTAN,28,0.357,-0.04,32321,8.8,1,False,1,2023,low,16005,25.961,1.079,0.385
BROADWAY @ EAST HOUSTON STREET,MANHATTAN,31,0.452,-0.082,159186,103.4,3,False,1,2016,low,22793,36.97,0.839,0.379
BUSHWICK AVENUE @ JAMAICA AVENUE,BROOKLYN,27,0.407,-0.044,141900,99.7,3,False,1,2019,low,17918,29.063,0.929,0.378
ROEBLING STREET @ SOUTH 4 STREET,BROOKLYN,28,0.679,0.021,191195,82.2,2,False,1,2012,low,31360,50.865,0.55,0.374
31 STREET @ HOYT AVENUE SOUTH,QUEENS,32,0.438,0.065,111705,57.3,1,False,1,2016,low,23974,38.886,0.823,0.36
FLATBUSH AVENUE @ STERLING PLACE,BROOKLYN,25,0.44,-0.031,29049,121.0,2,False,1,2013,low,19745,32.026,0.781,0.343
HOOK CREEK BOULEVARD @ SUNRISE HIGHWAY,QUEENS,40,0.475,-0.004,64059,87.6,2,False,1,2021,low,34235,55.529,0.72,0.342
9 AVENUE @ WEST 46 STREET,MANHATTAN,27,0.593,0.014,33846,120.5,1,False,1,2014,low,28910,46.892,0.576,0.341
ELIOT AVENUE @ WOODHAVEN BOULEVARD,QUEENS,40,0.475,0.005,149223,30.0,2,False,1,2014,low,36038,58.453,0.684,0.325
BROADWAY @ WEST 179 STREET,MANHATTAN,27,0.333,-0.039,70969,109.4,2,False,1,2019,low,17498,28.382,0.951,0.317
8 AVENUE @ WEST 30 STREET,MANHATTAN,30,0.567,-0.033,33656,37.4,1,False,1,2017,low,34023,55.186,0.544,0.308
8 AVENUE @ WEST 31 STREET,MANHATTAN,52,0.327,-0.099,33656,41.6,1,False,1,2017,low,34023,55.186,0.942,0.308
23 AVENUE @ 82 STREET,QUEENS,37,0.378,-0.042,175381,121.5,2,False,1,2017,low,28718,46.581,0.794,0.301
7 AVENUE @ WEST 34 STREET,MANHATTAN,38,0.526,-0.08,33821,120.1,1,False,1,2017,low,41098,66.66,0.57,0.3
EAST 96 STREET @ FRANKLIN D ROOSEVELT DRIVE,MANHATTAN,27,0.296,-0.084,132937,61.7,1,False,1,2022,low,16545,26.835,1.006,0.298
BRUCKNER BOULEVARD @ LINCOLN AVENUE,BRONX,32,0.594,0.162,144024,139.4,5,False,1,2023,low,40182,65.175,0.491,0.292
2 AVENUE @ EAST 36 STREET,MANHATTAN,46,0.478,0.007,35746,118.4,2,False,1,2015,low,47124,76.435,0.602,0.288
EAST 138 STREET @ GERARD AVENUE,BRONX,26,0.423,0.062,173408,82.0,5,False,1,2016,low,23871,38.719,0.672,0.284
ATLANTIC AVENUE @ HIGHLAND PLACE,BROOKLYN,25,0.44,0.062,158340,61.9,1,False,1,2010,low,25897,42.005,0.595,0.262
I 678 @ LINDEN PLACE,QUEENS,36,0.667,0.224,142848,55.9,1,False,1,2014,low,58041,94.143,0.382,0.255
2 AVENUE @ EAST 61 STREET,MANHATTAN,36,0.417,-0.145,188851,99.1,5,False,1,2012,low,37250,60.419,0.596,0.248
1 AVENUE @ EAST 60 STREET,MANHATTAN,35,0.429,-0.082,188851,144.0,8,False,1,2012,low,37250,60.419,0.579,0.248
33 STREET @ ASTORIA BOULEVARD,QUEENS,49,0.245,-0.059,143289,32.9,1,False,1,2016,low,31309,50.783,0.965,0.236
1 AVENUE @ EAST 61 STREET,MANHATTAN,30,0.4,-0.141,188851,133.4,6,False,1,2012,low,37250,60.419,0.497,0.199
2 AVENUE @ EAST 62 STREET,MANHATTAN,30,0.3,-0.208,36375,117.8,1,False,1,2025,low,30761,49.894,0.601,0.18
BRONX RIVER AVENUE @ BRUCKNER BOULEVARD,BRONX,58,0.448,-0.046,9014394,114.6,3,False,1,2018,low,90373,146.585,0.396,0.177
LINDEN PLACE @ WHITESTONE EXPRESSWAY,QUEENS,44,0.523,0.155,142783,63.6,6,False,1,2019,low,82912,134.483,0.327,0.171
7 AVENUE @ WEST 36 STREET,MANHATTAN,27,0.407,-0.145,33821,44.1,1,False,1,2017,low,41098,66.66,0.405,0.165
EAST 61 STREET @ YORK AVENUE,MANHATTAN,30,0.4,0.004,36524,72.8,5,False,1,2007,low,64292,104.282,0.288,0.115
LEFFERTS BOULEVARD @ NORTH CONDUIT AVENUE,QUEENS,73,0.507,0.035,54853,41.3,1,True,1,2013,medium,1281,2.078,35.124,17.801
BRUCKNER BOULEVARD @ LEGGETT AVENUE,BRONX,175,0.526,0.08,175598,35.2,2,True,1,2016,medium,6370,10.333,16.936,8.903
EAST FORDHAM ROAD @ SOUTHERN BOULEVARD,BRONX,104,0.49,-0.008,185661,123.8,1,True,1,2012,medium,3607,5.85,17.778,8.718
CROSS BRONX EXPRESSWAY @ RANDALL AVENUE,BRONX,28,0.714,0.27,179513,4.1,1,True,1,2020,medium,2145,3.479,8.048,5.749
BROADWAY @ ROEBLING STREET,BROOKLYN,27,0.37,-0.16,30582,47.6,1,True,1,2013,medium,1208,1.959,13.786,5.106
KINGS HIGHWAY @ UTICA AVENUE,BROOKLYN,46,0.478,0.07,149010,68.0,2,True,1,2018,medium,2842,4.609,9.98,4.773
EAST 161 STREET @ MELROSE AVENUE,BRONX,53,0.774,0.22,70436,37.1,3,True,1,2013,medium,5855,9.496,5.581,4.318
QUEENS BOULEVARD @ YELLOWSTONE BOULEVARD,QUEENS,59,0.492,-0.078,151257,54.5,1,True,1,2016,medium,4510,7.314,8.066,3.965
21 STREET @ BROADWAY,QUEENS,35,0.657,0.108,106837,28.7,2,True,1,2012,medium,3631,5.89,5.942,3.905
LINDEN BOULEVARD @ PENNSYLVANIA AVENUE,BROOKLYN,153,0.549,0.061,168055,103.0,1,True,1,2014,medium,13561,21.996,6.956,3.819
CHURCH AVENUE @ ROCKAWAY PARKWAY,BROOKLYN,27,0.667,0.047,42646,82.9,1,True,1,2024,medium,2948,4.782,5.646,3.764
1 AVENUE @ EAST 42 STREET,MANHATTAN,52,0.577,0.169,147489,40.7,1,True,1,2021,medium,5800,9.408,5.527,3.189
CHURCH AVENUE @ FLATBUSH AVENUE,BROOKLYN,42,0.762,0.219,28363,31.6,1,True,1,2017,medium,6295,10.21,4.114,3.134
QUEENS BOULEVARD @ SKILLMAN AVENUE,QUEENS,52,0.462,-0.016,67379,50.8,1,True,1,2013,medium,4925,7.988,6.509,3.004
EAST 165 STREET @ GRAND CONCOURSE,BRONX,41,0.756,0.163,174214,44.4,3,True,1,2011,medium,6622,10.741,3.817,2.886
MERMAID AVENUE @ STILLWELL AVENUE,BROOKLYN,25,0.6,0.013,18476,80.4,2,True,1,2010,medium,3253,5.277,4.737,2.842
LINDEN BOULEVARD @ ROCKAWAY AVENUE,BROOKLYN,83,0.446,-0.008,191420,132.9,2,False,2,2023,medium,8053,13.062,6.354,2.833
48 STREET @ QUEENS BOULEVARD,QUEENS,26,0.385,-0.12,172648,123.3,1,True,1,2019,medium,2294,3.72,6.988,2.688
JEROME AVENUE @ WEST FORDHAM ROAD,BRONX,32,0.656,0.035,79757,135.9,1,True,1,2014,medium,5231,8.485,3.771,2.475
EAST TREMONT AVENUE @ GRAND CONCOURSE,BRONX,47,0.489,-0.058,148857,34.7,2,True,1,2012,medium,5879,9.536,4.929,2.412
65 STREET @ 7 AVENUE,BROOKLYN,67,0.403,-0.026,20561,44.0,1,True,1,2012,medium,7082,11.487,5.833,2.351
CROSS BRONX EXPRESSWAY @ ROSEDALE AVENUE,BRONX,117,0.368,-0.026,177876,18.9,1,True,1,2017,medium,11447,18.567,6.301,2.316
EAST 180 STREET @ WEBSTER AVENUE,BRONX,39,0.462,0.016,78573,54.9,2,True,1,2023,medium,4941,8.014,4.867,2.246
FLUSHING AVENUE @ WASHINGTON AVENUE,BROOKLYN,25,0.84,0.101,30330,42.3,1,True,1,2009,medium,5774,9.365,2.669,2.242
BOSTON ROAD @ EAST TREMONT AVENUE,BRONX,34,0.559,0.041,263398,46.7,1,True,1,2023,medium,5379,8.725,3.897,2.178
62 DRIVE @ JUNCTION BOULEVARD,QUEENS,26,0.577,0.029,176975,92.4,1,True,1,2011,medium,4307,6.985,3.722,2.147
NEPTUNE AVENUE @ WEST 5 STREET,BROOKLYN,32,0.625,0.013,151399,39.3,1,True,1,2019,medium,5773,9.364,3.417,2.136
PARSONS BOULEVARD @ UNION TURNPIKE,QUEENS,31,0.516,-0.013,179027,68.9,2,True,1,2024,medium,4619,7.492,4.137,2.135
OCEAN AVENUE @ PARKSIDE AVENUE,BROOKLYN,46,0.63,0.063,28250,107.7,3,True,1,2011,medium,8384,13.599,3.383,2.132
EAST BURNSIDE AVENUE @ JEROME AVENUE,BRONX,34,0.529,0.02,73071,7.0,3,True,1,2023,medium,5206,8.444,4.026,2.132
EAST 180 STREET @ SOUTHERN BOULEVARD,BRONX,34,0.706,0.089,79166,79.4,2,True,1,2026,medium,6963,11.294,3.01,2.125
5 AVENUE @ 65 STREET,BROOKLYN,28,0.643,0.097,17737,89.0,2,True,1,2015,medium,5272,8.55,3.275,2.105
FARMERS BOULEVARD @ ROCKAWAY BOULEVARD,QUEENS,60,0.517,0.076,170971,9.7,1,False,2,2025,medium,9202,14.926,4.02,2.077
3 AVENUE @ EAST 163 STREET,BRONX,60,0.567,0.013,70601,17.9,3,True,1,2016,medium,10224,16.583,3.618,2.05
LINDEN BOULEVARD @ MOTHER GASTON BOULEVARD,BROOKLYN,29,0.517,0.034,150305,44.3,1,True,1,2021,medium,4671,7.576,3.828,1.98
CROSS ISLAND PARKWAY @ HEMPSTEAD AVENUE,QUEENS,149,0.544,0.11,155613,23.0,7,True,1,2016,medium,25568,41.471,3.593,1.953
AVENUE J @ REMSEN AVENUE,BROOKLYN,28,0.893,0.209,128668,77.6,1,True,1,2018,medium,8056,13.067,2.143,1.913
FLATLANDS AVENUE @ ROCKAWAY PARKWAY,BROOKLYN,29,0.655,0.09,46397,49.6,1,True,1,2014,medium,6236,10.114,2.867,1.879
48 STREET @ NORTHERN BOULEVARD,QUEENS,48,0.792,0.1,67971,147.7,1,True,1,2019,medium,13030,21.135,2.271,1.798
EAST FORDHAM ROAD @ JEROME AVENUE,BRONX,30,0.5,-0.008,79757,135.9,1,True,1,2014,medium,5231,8.485,3.536,1.768
3 AVENUE @ EAST 149 STREET,BRONX,55,0.582,-0.017,70063,51.6,1,True,1,2014,medium,11378,18.456,2.98,1.734
KINGS HIGHWAY @ OCEAN PARKWAY,BROOKLYN,25,0.6,0.109,163241,62.8,2,True,1,2017,medium,5414,8.781,2.847,1.708
LENOX AVENUE @ WEST 125 STREET,MANHATTAN,55,0.527,-0.012,166550,135.1,1,True,1,2009,medium,10475,16.99,3.237,1.707
WESTCHESTER AVENUE @ WHITE PLAINS ROAD,BRONX,55,0.527,-0.006,177936,37.4,3,True,1,2015,medium,10878,17.644,3.117,1.644
3 AVENUE @ 60 STREET,BROOKLYN,59,0.593,0.099,161319,28.4,2,True,1,2015,medium,13425,21.775,2.709,1.607
LENOX AVENUE @ WEST 145 STREET,MANHATTAN,47,0.532,0.01,151132,49.3,1,True,1,2011,medium,9600,15.571,3.018,1.605
FLATLANDS AVENUE @ PENNSYLVANIA AVENUE,BROOKLYN,80,0.438,-0.007,144871,47.1,2,True,1,2012,medium,13496,21.891,3.654,1.599
ROCKAWAY PARKWAY @ SKIDMORE AVENUE,BROOKLYN,48,0.479,-0.037,157820,72.6,1,True,1,2014,medium,8907,14.448,3.322,1.592
BROADWAY @ WEST 145 STREET,MANHATTAN,40,0.575,0.005,158725,44.2,1,True,1,2013,medium,9114,14.783,2.706,1.556
FRESH POND ROAD @ METROPOLITAN AVENUE,QUEENS,48,0.521,0.022,48794,70.5,3,True,1,2011,medium,9996,16.213,2.961,1.542