site,borough,crashes,observed_rate,excess,segment_id,metres,counters_in_range,names_both_streets,directions_counted,counted_year,confidence,vehicles_per_day,million_vehicles,crashes_per_million,harmful_per_million
71 AVENUE @ QUEENS BOULEVARD,QUEENS,33,0.485,-0.096,157065,56.7,1,True,1,2009,medium,6660,10.803,3.055,1.481
69 STREET @ BROADWAY,QUEENS,38,0.605,0.162,75767,34.8,4,True,1,2012,medium,9630,15.619,2.433,1.473
CLAY AVENUE @ WEBSTER AVENUE,BRONX,28,0.714,0.128,113476,68.2,2,True,1,2013,medium,8408,13.638,2.053,1.467
METROPOLITAN AVENUE @ WOODHAVEN BOULEVARD,QUEENS,49,0.51,0.017,169324,73.0,1,True,1,2010,medium,10523,17.068,2.871,1.465
AVENUE P @ OCEAN AVENUE,BROOKLYN,26,0.769,0.218,27255,39.7,2,True,1,2023,medium,8816,14.3,1.818,1.399
JEFFERSON STREET @ KNICKERBOCKER AVENUE,BROOKLYN,27,0.37,-0.138,44742,13.2,1,True,1,2015,medium,4428,7.182,3.759,1.392
EAST TREMONT AVENUE @ WHITE PLAINS ROAD,BRONX,36,0.5,-0.024,86000,60.9,2,True,1,2015,medium,8221,13.335,2.7,1.35
36 AVENUE @ VERNON BOULEVARD,QUEENS,28,0.571,-0.114,67174,33.8,1,True,1,2018,medium,7510,12.181,2.299,1.313
EMPIRE BOULEVARD @ WASHINGTON AVENUE,BROOKLYN,31,0.613,0.073,29279,41.2,5,True,1,2011,medium,9000,14.598,2.124,1.302
CROSS ISLAND PARKWAY @ LINDEN BOULEVARD,QUEENS,104,0.529,0.054,172079,46.3,2,False,2,2014,medium,26167,42.444,2.45,1.296
NEPTUNE AVENUE @ OCEAN PARKWAY,BROOKLYN,48,0.521,-0.078,189074,38.9,5,False,2,2022,medium,11908,19.315,2.485,1.294
3 AVENUE @ EAST 23 STREET,MANHATTAN,35,0.6,0.071,33167,7.3,2,True,1,2023,medium,10091,16.368,2.138,1.283
EASTCHESTER ROAD @ PELHAM PARKWAY,BRONX,68,0.588,0.071,193981,119.5,2,True,1,2017,medium,19479,31.595,2.152,1.266
EAST TREMONT AVENUE @ WEBSTER AVENUE,BRONX,50,0.58,0.002,78419,93.0,1,True,1,2023,medium,14690,23.827,2.098,1.217
FLATBUSH AVENUE @ PARKSIDE AVENUE,BROOKLYN,37,0.703,0.038,28382,41.4,4,True,1,2017,medium,13319,21.604,1.713,1.203
ATLANTIC AVENUE @ COURT STREET,BROOKLYN,32,0.531,-0.044,115088,70.5,1,True,1,2025,medium,8798,14.271,2.242,1.191
CHRYSTIE STREET @ DELANCEY STREET,MANHATTAN,71,0.62,0.066,164289,87.1,2,False,2,2017,medium,22845,37.054,1.916,1.187
HILLSIDE AVENUE @ VAN WYCK EXPRESSWAY,QUEENS,28,0.571,0.11,56511,71.1,1,True,1,2013,medium,8356,13.553,2.066,1.18
LENOX AVENUE @ WEST 135 STREET,MANHATTAN,41,0.537,0.03,151122,43.0,3,True,1,2009,medium,11770,19.092,2.148,1.152
LENOX ROAD @ UTICA AVENUE,BROOKLYN,35,0.714,0.175,42100,71.3,4,True,1,2010,medium,13706,22.232,1.574,1.125
ARCHER AVENUE @ SUTPHIN BOULEVARD,QUEENS,43,0.372,-0.105,57043,34.2,2,True,1,2014,medium,8905,14.444,2.977,1.108
WESTCHESTER AVENUE @ WHITLOCK AVENUE,BRONX,52,0.462,0.013,175927,14.2,1,True,1,2008,medium,13487,21.876,2.377,1.097
70 STREET @ QUEENS BOULEVARD,QUEENS,35,0.571,0.05,156397,27.6,1,True,1,2015,medium,11248,18.244,1.918,1.096
EAST 59 STREET @ FLATLANDS AVENUE,BROOKLYN,34,0.647,0.189,41389,24.7,3,True,1,2015,medium,12382,20.084,1.693,1.095
EAST 241 STREET @ WHITE PLAINS ROAD,BRONX,26,0.654,0.117,89398,129.3,1,False,2,2024,medium,9649,15.65,1.661,1.086
AVENUE U @ FLATBUSH AVENUE,BROOKLYN,88,0.546,0.057,151243,55.6,2,True,1,2022,medium,27642,44.836,1.963,1.071
160 STREET @ LIBERTY AVENUE,QUEENS,26,0.731,0.142,150611,28.7,1,True,1,2015,medium,10955,17.769,1.463,1.069
BORDEN AVENUE @ MAURICE AVENUE,QUEENS,103,0.495,0.062,66987,91.0,1,True,1,2019,medium,29818,48.366,2.13,1.054
EAST TREMONT AVENUE @ PARK AVENUE,BRONX,44,0.568,0.015,78419,36.1,1,True,1,2023,medium,14690,23.827,1.847,1.049
2 AVENUE @ EAST 125 STREET,MANHATTAN,95,0.39,0.02,69281,43.2,3,True,1,2012,medium,22133,35.9,2.646,1.031
EAST 116 STREET @ LEXINGTON AVENUE,MANHATTAN,40,0.525,0.001,69045,22.5,1,True,1,2015,medium,12841,20.828,1.92,1.008
BAY PARKWAY @ CROPSEY AVENUE,BROOKLYN,52,0.481,-0.025,192045,25.6,3,True,1,2023,medium,15358,24.911,2.087,1.004
BARTOW AVENUE @ BAYCHESTER AVENUE,BRONX,45,0.489,0.063,145171,36.6,2,True,1,2010,medium,13660,22.156,2.031,0.993
4 AVENUE @ PROSPECT AVENUE,BROOKLYN,44,0.477,-0.022,186614,27.8,3,True,1,2016,medium,13065,21.192,2.076,0.991
EAST 135 STREET @ LINCOLN AVENUE,BRONX,49,0.633,0.191,9004563,42.6,3,True,1,2025,medium,19432,31.519,1.555,0.984
NEW LOTS AVENUE @ PENNSYLVANIA AVENUE,BROOKLYN,46,0.5,0.004,47518,132.7,1,True,1,2014,medium,14691,23.829,1.93,0.965
EAST 116 STREET @ MADISON AVENUE,MANHATTAN,38,0.526,0.115,38809,35.3,1,True,1,2015,medium,12986,21.063,1.804,0.949
4 AVENUE @ 65 STREET,BROOKLYN,31,0.677,0.234,137656,44.2,3,True,1,2010,medium,13887,22.524,1.376,0.932
LONGWOOD AVENUE @ SOUTHERN BOULEVARD,BRONX,35,0.514,-0.094,77482,60.7,2,False,2,2016,medium,11916,19.328,1.811,0.931
GRAND CENTRAL PARKWAY @ UTOPIA PARKWAY,QUEENS,36,0.611,0.142,151807,86.3,1,False,2,2021,medium,14812,24.026,1.498,0.916
LIVONIA AVENUE @ PENNSYLVANIA AVENUE,BROOKLYN,41,0.634,0.044,47536,92.3,4,True,1,2024,medium,17774,28.829,1.422,0.902
AVENUE SOUTH @ OCEAN PARKWAY,BROOKLYN,50,0.64,0.053,230717,134.8,1,True,1,2009,medium,21906,35.532,1.407,0.901
MAIN STREET @ NORTHERN BOULEVARD,QUEENS,31,0.452,-0.069,179237,94.8,1,True,1,2017,medium,9625,15.612,1.986,0.897
BUSHWICK AVENUE @ CONWAY STREET,BROOKLYN,44,0.477,0.056,47355,39.3,1,True,1,2013,medium,14529,23.567,1.867,0.891
EAST 188 STREET @ WEBSTER AVENUE,BRONX,28,0.5,-0.027,113574,68.6,4,True,1,2016,medium,9722,15.77,1.776,0.888
MAJOR DEEGAN EXPRESSWAY @ WEST 230 STREET,BRONX,50,0.58,0.186,79678,92.7,1,False,2,2012,medium,20224,32.804,1.524,0.884
RICHMOND AVENUE @ VICTORY BOULEVARD,STATEN ISLAND,50,0.36,-0.071,5491,57.8,2,True,1,2016,medium,12625,20.478,2.442,0.879
ATLANTIC AVENUE @ WOODHAVEN BOULEVARD,QUEENS,70,0.5,0.07,151734,49.0,1,True,1,2013,medium,24580,39.869,1.756,0.878
AVENUE T @ OCEAN PARKWAY,BROOKLYN,47,0.617,0.034,230717,134.7,1,True,1,2009,medium,21906,35.532,1.323,0.816
DITMAS AVENUE @ OCEAN PARKWAY,BROOKLYN,57,0.614,0.045,27822,19.4,3,True,1,2016,medium,27359,44.377,1.284,0.789
4 AVENUE @ 5 STREET,BROOKLYN,25,0.72,-0.043,196545,38.8,1,True,1,2009,medium,14074,22.829,1.095,0.788
2 AVENUE @ EAST 58 STREET,MANHATTAN,60,0.683,0.058,36263,41.7,5,True,1,2022,medium,33788,54.803,1.095,0.748
GRAND CONCOURSE @ MOUNT EDEN PARKWAY,BRONX,27,0.593,0.011,174385,47.7,2,True,1,2011,medium,13199,21.409,1.261,0.747
65 STREET @ BAY PARKWAY,BROOKLYN,28,0.5,-0.016,20483,54.6,4,True,1,2009,medium,11614,18.838,1.486,0.743
BAY RIDGE PARKWAY @ FORT HAMILTON PARKWAY,BROOKLYN,28,0.679,0.092,17358,72.6,4,False,2,2011,medium,15878,25.753,1.087,0.738
188 STREET @ HILLSIDE AVENUE,QUEENS,25,0.32,-0.141,61158,78.0,3,True,1,2012,medium,6699,10.865,2.301,0.736
BATH AVENUE @ BAY PARKWAY,BROOKLYN,30,0.5,-0.078,192043,90.5,1,True,1,2023,medium,12765,20.706,1.449,0.724
BAY STREET @ VICTORY BOULEVARD,STATEN ISLAND,30,0.433,0.0,229198,31.8,1,True,1,2016,medium,11076,17.966,1.67,0.724
HEGEMAN AVENUE @ PENNSYLVANIA AVENUE,BROOKLYN,33,0.515,0.068,47518,112.2,2,True,1,2014,medium,14691,23.829,1.385,0.713
MEEKER AVENUE @ UNION AVENUE,BROOKLYN,42,0.5,-0.124,31149,74.4,5,False,2,2019,medium,19113,31.001,1.355,0.677
CLARKSON AVENUE @ UTICA AVENUE,BROOKLYN,30,0.5,-0.039,42100,71.2,3,True,1,2010,medium,13706,22.232,1.349,0.675
BROADWAY @ WEST 225 STREET,BRONX,46,0.413,-0.067,270800,53.8,4,True,1,2016,medium,17363,28.163,1.633,0.675
NEPTUNE AVENUE @ STILLWELL AVENUE,BROOKLYN,36,0.472,-0.125,19086,141.5,5,False,2,2011,medium,15822,25.663,1.403,0.662
LINDEN BOULEVARD @ MERRICK BOULEVARD,QUEENS,26,0.5,-0.092,155597,62.2,3,True,1,2015,medium,12204,19.794,1.313,0.657
4 AVENUE @ 60 STREET,BROOKLYN,25,0.56,0.043,157573,40.8,3,True,1,2010,medium,13153,21.335,1.172,0.656
LENOX ROAD @ NOSTRAND AVENUE,BROOKLYN,26,0.577,0.034,28732,84.2,1,True,1,2012,medium,14159,22.966,1.132,0.653
183 STREET @ LIBERTY AVENUE,QUEENS,26,0.5,0.047,106703,106.4,2,True,1,2016,medium,12341,20.017,1.299,0.649
101 AVENUE @ WOODHAVEN BOULEVARD,QUEENS,39,0.538,0.041,151663,99.9,2,True,1,2012,medium,20132,32.654,1.194,0.643
94 STREET @ GRAND CENTRAL PARKWAY,QUEENS,55,0.4,-0.025,146440,29.7,3,True,1,2016,medium,21148,34.302,1.603,0.641
2 AVENUE @ EAST 126 STREET,MANHATTAN,37,0.622,0.183,69281,42.5,1,True,1,2012,medium,22133,35.9,1.031,0.641
CROSS BAY BOULEVARD @ PITKIN AVENUE,QUEENS,30,0.667,0.096,157286,40.7,1,True,1,2010,medium,20022,32.476,0.924,0.616
CANAL STREET @ LAFAYETTE STREET,MANHATTAN,46,0.348,0.016,32329,42.9,1,True,1,2013,medium,16110,26.13,1.76,0.612
2 AVENUE @ EAST 42 STREET,MANHATTAN,49,0.571,0.033,35942,41.2,1,True,1,2019,medium,28372,46.019,1.065,0.608
ARTHUR AVENUE @ EAST FORDHAM ROAD,BRONX,32,0.5,0.0,80412,33.7,1,True,1,2023,medium,16802,27.252,1.174,0.587
BARTOW AVENUE @ EDSON AVENUE,BRONX,42,0.476,0.039,146398,34.7,1,False,2,2022,medium,21834,35.415,1.186,0.565
3 AVENUE @ EAST 57 STREET,MANHATTAN,29,0.552,-0.004,134999,39.9,3,True,1,2025,medium,17820,28.904,1.003,0.554
ADAM CLAYTON POWELL JR BOULEVARD @ WEST 125 STREET,MANHATTAN,28,0.571,0.032,9017010,109.0,2,False,2,2016,medium,17846,28.946,0.967,0.553
METROPOLITAN AVENUE @ UNION AVENUE,BROOKLYN,31,0.548,-0.044,31149,76.7,3,False,2,2019,medium,19113,31.001,1.0,0.548
MACOMBS DAM BRIDGE @ MAJOR DEEGAN EXPRESSWAY,BRONX,54,0.426,-0.039,122441,91.6,1,True,1,2017,medium,26370,42.773,1.262,0.538
MACOMBS PLACE @ WEST 155 STREET,MANHATTAN,47,0.489,0.082,71025,73.2,2,False,2,2024,medium,26448,42.899,1.096,0.536
WATERS PLACE @ WESTCHESTER AVENUE,BRONX,30,0.533,0.07,178335,72.6,1,False,2,2014,medium,18516,30.033,0.999,0.533
BAILEY AVENUE @ WEST 230 STREET,BRONX,34,0.5,0.058,79678,144.2,1,False,2,2012,medium,20224,32.804,1.036,0.518
2 AVENUE @ EAST 57 STREET,MANHATTAN,49,0.571,0.104,36263,44.2,4,True,1,2022,medium,33788,54.803,0.894,0.511
1 AVENUE @ EAST 34 STREET,MANHATTAN,33,0.546,0.056,35887,14.6,5,True,1,2017,medium,21874,35.479,0.93,0.507
AVENUE I @ FLATBUSH AVENUE,BROOKLYN,26,0.692,0.128,27660,147.9,4,False,2,2024,medium,21894,35.512,0.732,0.507
RICHMOND AVENUE @ YUKON AVENUE,STATEN ISLAND,29,0.552,0.148,149278,23.9,1,True,1,2016,medium,19690,31.938,0.908,0.501
FORT WASHINGTON AVENUE @ WEST 165 STREET,MANHATTAN,36,0.528,0.038,70704,61.2,4,False,2,2019,medium,23844,38.675,0.931,0.491
BROADWAY @ WEST 204 STREET,MANHATTAN,34,0.324,-0.06,72664,88.4,2,True,1,2013,medium,14338,23.256,1.462,0.473
31 STREET @ HOYT AVENUE NORTH,QUEENS,43,0.419,-0.011,111705,3.1,1,True,1,2016,medium,23974,38.886,1.106,0.463
AMSTERDAM AVENUE @ WEST 179 STREET,MANHATTAN,44,0.318,-0.023,108162,121.2,5,False,2,2021,medium,19054,30.906,1.424,0.453
3 AVENUE @ HAMILTON AVENUE,BROOKLYN,90,0.244,-0.123,195025,49.6,4,False,2,2025,medium,31258,50.7,1.775,0.434
BRUCKNER BOULEVARD @ ZEREGA AVENUE,BRONX,67,0.373,0.004,142841,112.4,2,True,1,2010,medium,35906,58.239,1.15,0.429
EAST GUN HILL ROAD @ WHITE PLAINS ROAD,BRONX,42,0.619,0.058,222121,94.8,2,False,2,2019,medium,38136,61.857,0.679,0.42
ROCKAWAY BOULEVARD @ WOODHAVEN BOULEVARD,QUEENS,32,0.531,0.043,151445,13.4,5,True,1,2009,medium,25098,40.71,0.786,0.418
BRUCKNER BOULEVARD @ LAFAYETTE AVENUE,BRONX,26,0.308,-0.154,77482,68.3,1,False,2,2016,medium,11916,19.328,1.345,0.414
EAST 96 STREET @ MADISON AVENUE,MANHATTAN,37,0.324,-0.098,37714,48.9,1,True,1,2025,medium,18006,29.206,1.267,0.411
LINDEN BOULEVARD @ ROGERS AVENUE,BROOKLYN,26,0.5,0.011,28605,122.9,1,False,2,2011,medium,19902,32.28,0.805,0.403
ATLANTIC AVENUE @ FRANKLIN AVENUE,BROOKLYN,27,0.556,0.01,152425,29.4,1,True,1,2019,medium,23109,37.483,0.72,0.4
HOOK CREEK BOULEVARD @ SOUTH CONDUIT AVENUE,QUEENS,32,0.688,0.168,64059,85.2,2,True,1,2021,medium,34235,55.529,0.576,0.396
LINDEN BOULEVARD @ SNEDIKER AVENUE,BROOKLYN,32,0.438,0.012,158203,45.4,3,True,1,2018,medium,21864,35.463,0.902,0.395
BROADWAY @ WEST 178 STREET,MANHATTAN,25,0.44,0.053,70969,48.8,2,True,1,2019,medium,17498,28.382,0.881,0.388
2 AVENUE @ EAST 38 STREET,MANHATTAN,32,0.75,0.1,35914,34.5,1,True,1,2018,medium,38211,61.978,0.516,0.387
BROADWAY @ WEST 60 STREET,MANHATTAN,27,0.37,-0.049,152158,24.5,5,True,1,2011,medium,16558,26.856,1.005,0.372
3 AVENUE @ EAST 34 STREET,MANHATTAN,36,0.444,-0.073,35738,10.0,1,True,1,2023,medium,26915,43.656,0.825,0.366
78 AVENUE @ QUEENS BOULEVARD,QUEENS,38,0.316,-0.158,156599,54.5,2,True,1,2019,medium,20395,33.08,1.149,0.363
4 AVENUE @ ATLANTIC AVENUE,BROOKLYN,61,0.328,-0.09,28962,138.5,2,False,2,2024,medium,36085,58.53,1.042,0.342
LORTEL AVENUE @ SLOSSON AVENUE,STATEN ISLAND,27,0.222,-0.196,194031,38.2,1,True,1,2011,medium,11536,18.712,1.443,0.321
3 AVENUE @ 37 STREET,BROOKLYN,26,0.423,-0.043,161764,39.7,1,True,1,2016,medium,21156,34.316,0.758,0.321
2 AVENUE @ EAST 34 STREET,MANHATTAN,63,0.381,-0.065,35746,47.0,1,True,1,2015,medium,47124,76.435,0.824,0.314
2 AVENUE @ EAST 23 STREET,MANHATTAN,42,0.429,-0.03,33290,42.4,1,True,1,2013,medium,36207,58.728,0.715,0.307
9 AVENUE @ WEST 45 STREET,MANHATTAN,28,0.5,-0.059,33846,39.4,1,True,1,2014,medium,28910,46.892,0.597,0.299
AMSTERDAM AVENUE @ WEST 180 STREET,MANHATTAN,26,0.231,-0.088,71297,11.9,3,True,1,2016,medium,12805,20.769,1.252,0.289
BRUCKNER BOULEVARD @ WILLIS AVENUE,BRONX,32,0.375,0.007,276694,78.7,1,True,1,2025,medium,26108,42.347,0.756,0.283
234 STREET @ LINDEN BOULEVARD,QUEENS,30,0.4,-0.074,172079,123.7,2,False,2,2014,medium,26167,42.444,0.707,0.283
ATLANTIC AVENUE @ SMITH STREET,BROOKLYN,32,0.438,-0.035,132626,64.4,1,False,2,2020,medium,31545,51.165,0.625,0.274
EAST HOUSTON STREET @ FDR DRIVE,MANHATTAN,34,0.176,-0.214,34686,135.0,1,True,1,2014,medium,13716,22.248,1.528,0.27
EAST 62 STREET @ YORK AVENUE,MANHATTAN,38,0.263,-0.1,36517,118.5,3,False,2,2023,medium,23355,37.882,1.003,0.264
MEEKER AVENUE @ METROPOLITAN AVENUE,BROOKLYN,25,0.28,-0.106,31134,42.0,4,True,1,2019,medium,16790,27.233,0.918,0.257
EAST 57 STREET @ PARK AVENUE,MANHATTAN,26,0.462,0.093,158573,126.9,2,False,2,2013,medium,29945,48.572,0.535,0.247
DEVOE AVENUE @ EAST 177 STREET,BRONX,26,0.346,0.021,9014434,126.6,1,False,2,2019,medium,22701,36.82,0.706,0.244
17 STREET @ 3 AVENUE,BROOKLYN,27,0.444,0.081,195025,80.3,1,False,2,2025,medium,31258,50.7,0.533,0.237
CLINTON STREET @ HAMILTON AVENUE,BROOKLYN,32,0.25,-0.085,21930,91.6,3,True,1,2022,medium,20975,34.021,0.941,0.235
9 AVENUE @ WEST 40 STREET,MANHATTAN,25,0.44,-0.013,33699,35.9,1,True,1,2017,medium,29506,47.859,0.522,0.23
43 STREET @ ASTORIA BOULEVARD,QUEENS,26,0.462,0.014,75506,45.1,4,True,1,2020,medium,32867,53.31,0.488,0.225
MARCY AVENUE @ METROPOLITAN AVENUE,BROOKLYN,27,0.222,-0.176,30993,73.0,1,True,1,2024,medium,16630,26.974,1.001,0.222
FLATBUSH AVENUE @ LAFAYETTE AVENUE,BROOKLYN,46,0.435,-0.037,28973,127.8,2,False,2,2010,medium,56251,91.24,0.504,0.219
5 AVENUE @ FLATBUSH AVENUE,BROOKLYN,25,0.48,-0.099,28962,140.9,1,False,2,2024,medium,36085,58.53,0.427,0.205
ATLANTIC AVENUE @ FORT GREENE PLACE,BROOKLYN,33,0.364,-0.024,28962,100.0,1,False,2,2024,medium,36085,58.53,0.564,0.205
BROADWAY @ DYCKMAN STREET,MANHATTAN,26,0.154,-0.298,72608,65.7,2,True,1,2020,medium,12160,19.724,1.318,0.203
77 STREET @ ASTORIA BOULEVARD,QUEENS,43,0.349,-0.029,76140,107.6,1,True,1,2016,medium,47006,76.244,0.564,0.197
EAST GUN HILL ROAD @ HOLLAND AVENUE,BRONX,25,0.48,0.03,222121,67.8,1,False,2,2019,medium,38136,61.857,0.404,0.194
2 AVENUE @ EAST 37 STREET,MANHATTAN,26,0.462,0.132,35914,43.8,1,True,1,2018,medium,38211,61.978,0.42,0.194
FLATBUSH AVENUE @ PACIFIC STREET,BROOKLYN,27,0.407,-0.046,28962,82.0,1,False,2,2024,medium,36085,58.53,0.461,0.188
CROPSEY AVENUE @ NEPTUNE AVENUE,BROOKLYN,32,0.281,-0.136,109272,48.4,7,False,2,2022,medium,30984,50.256,0.637,0.179
CADMAN PLAZA WEST @ PROSPECT STREET,BROOKLYN,30,0.333,-0.074,157951,34.5,1,False,2,2025,medium,38053,61.722,0.486,0.162
HUTCHINSON RIVER PARKWAY @ NEW ENGLAND THRUWAY,BRONX,25,0.32,-0.082,144174,91.8,1,True,1,2008,medium,31369,50.881,0.491,0.157
8 AVENUE @ WEST 44 STREET,MANHATTAN,27,0.296,-0.066,33955,39.5,1,True,1,2014,medium,31714,51.441,0.525,0.156
8 AVENUE @ WEST 43 STREET,MANHATTAN,27,0.222,-0.073,33955,39.8,1,True,1,2014,medium,31714,51.441,0.525,0.117
GRAND STREET @ METROPOLITAN AVENUE,BROOKLYN,26,0.231,-0.17,44643,23.0,5,False,2,2024,medium,34529,56.006,0.464,0.107
4 AVENUE @ FLATBUSH AVENUE,BROOKLYN,28,0.25,-0.146,28973,103.7,2,False,2,2010,medium,56251,91.24,0.307,0.077